"search_keywords","search_filters","name","sku","platform","condition","is_in_stock","is_mature","category","is_ispu"
"640181",,"Warhammer 40k: Space Marine","640181","PC","New","true","true","Games","false"
"271100",,"Fallout 3 Game of the Year Edition","271100","Playstation 3","New","true","true","Games","false"
"952652",,"Halo Reach","952652","Xbox 360","Pre-Owned","true","true","Games","false"
"803913",,"Gamers Edge GE600B Blue Steel Gaming Glasses","803913","PS Vita","New","onlineonly/nfs","false","Accessories","false"
"803629",,"3DS Universal System Case","803629","Nintendo 3DS","New","true","false","Accessories","false"
"181174",,"World Cup of Pool","181174","Nintendo DS","New","true","false","Games","false"
"200767",,"Qubed","200767","Xbox 360","Pre-Owned","nfs","false","Games","false"
"230362",,"Spy Fox in Dry Cereal","230362","Nintendo Wii","Pre-Owned","nfs","false","Games","false"
"040598",,"Go Run 2.4 Ghz (Green/Gray)","040598","Electronics","New","true","false","Electronics","false"
"107254",,"Yoshi 5 Inch Keychain Inch Plush","107254","Collectibles","New","true","false","Games","false"
"100238",,"10 Port USB 2.0 Desktop Hub","100238","Android, Electronics","New","true","false","Electronics","false"
"952002",,"Project Gotham Racing 3","952002","Xbox 360","Pre-Owned","true","false","Games","false"
"131377",,"Forza Horizon 3","131377","Xbox One","Pre-Owned","true","false","Games","false"
"930521",,"Gran Turismo 5","930521","PlayStation 3","Pre-Owned","true","false","Games","false"
"919309",,"Pokemon Diamond","919309","Nintendo DS","Pre-Owned","nfs","false","Games","false"
"917714",,"Dragonball Z: Budokai Tenkaichi 3","917714","PS Vita","Pre-Owned","nfs","false","Games","false"
"900631",,"Xbox 360 20GB Hard Drive (Refurbished)","900631","Xbox 360","Refurbished","nfs","false","Accessories","false"
"909224",,"Sony PSP System 2000 - Black (ReCharged Refurbished)","909224","PSP","Refurbished","true","false","Accessories","false"
"900034",,"8GB Playstation Vita Memory Card","900034","PS Vita","Refurbished","true","false","Accessories","false"
"900753",,"Xbox 360 External Hard Drive 60GB","900753","Xbox 360","Refurbished","true","false","Accessories","false"
"909188",,"PlayStation Vita with WiFi Black (ReCharged Refurbished)","909188","PS Vita","Refurbished","true","false","Accessories","false"
"601400",,"Injustice: Gods Among Us Season Pass","601400","PS3","Download","true","false","Games","false"
"600509",,"Learning with the PooYoos - Episode 1","600509","PlayStation 3","Download","true","false","Games","false"
"600823",,"NFL Blitz","600823","PlayStation 3","Download","true","false","Games","false"
"100161",,"Sid Meier's Civilization: Beyond Earth","100161","PS Vita","New","false","false","Games","true"
"170855",,"Super Smash Bros.","170855","Nintendo 3DS","New","false","false","Games","false"
"104350",,"The Legend of Zelda Collector's Puzzle","104350","Card & Board Games, Collectibles","New","false","false","Accessories","false"
"104417",,"Planes: Fire & Rescue","104417","Nintendo Wii U","New","false","false","Games","true"
"102005",,"FIFA 15 Ultimate Team Edition","102005","Xbox One","New","false","false","Games","true"
"103012",,"Disney Big Hero 6","103012","Nintendo DS","New","false","false","Games","true"
"104428",,"Penguins of Madagascar","104428","Nintendo Wii U","New","false","false","Games","true"
"104567",,"F1 2014","104567","PlayStation 3","New","false","false","Games","true"